pygame 2.6.1 (SDL 2.28.4, Python 3.12.14)
Hello from the pygame community. https://www.pygame.org/contribute.html
time,id,energy,x,y,heading,fruit_dist,fruit_angle,move_dist,move_dir,turn,actual_move,actual_world_angle
0.1,3,149.90,81.24,960.42,1.8568,-1.00,nan,9.00,0.1206,-0.1100,0.00,nan
0.2,3,149.33,79.46,964.55,1.7468,-1.00,nan,9.00,0.1221,-0.1100,4.50,1.9774
0.3,3,148.76,78.14,968.85,1.6368,-1.00,nan,9.00,0.1235,-0.1100,4.50,1.8689
0.4,3,148.20,77.29,973.27,1.5268,-1.00,nan,9.00,0.1250,-0.1100,4.50,1.7603
0.5,3,147.63,76.92,977.76,1.4168,-1.00,nan,10.00,-2.9876,-0.1500,4.50,1.6517
0.6,3,147.01,76.92,972.76,1.2668,-1.00,nan,9.00,0.1277,-0.1100,5.00,-1.5708
0.7,3,146.44,77.71,977.19,1.1568,-1.00,nan,10.00,-2.7276,-0.1500,4.50,1.3945
0.8,3,145.81,77.71,972.19,1.0068,-1.00,nan,9.00,-0.3945,-0.0710,5.00,-1.5708
0.9,3,145.25,81.40,974.77,0.9358,-1.00,nan,10.00,-2.5066,-0.1500,4.50,0.6122
1.0,3,144.63,81.40,969.77,0.7858,-1.00,nan,9.00,-0.1499,-0.0270,5.00,-1.5708
1.1,3,144.08,85.02,972.45,0.7588,-1.00,nan,9.00,-0.1229,-0.0221,4.50,0.6359
1.2,3,143.52,88.64,975.12,0.7367,-1.00,nan,10.00,-2.3075,-0.1500,4.50,0.6359
1.3,3,142.90,88.64,970.12,0.5867,-1.00,nan,9.00,0.0733,0.0132,5.00,-1.5708
1.4,3,142.35,92.19,972.88,0.5999,-1.00,nan,9.00,0.0601,0.0108,4.50,0.6600
1.5,3,141.79,95.75,975.64,0.6107,-1.00,nan,10.00,-2.1815,-0.1500,4.50,0.6600
1.6,3,141.17,95.75,970.64,0.4607,-1.00,nan,9.00,0.2238,0.0403,5.00,-1.5708
1.7,3,140.61,99.23,973.48,0.5010,-1.00,nan,9.00,0.1835,0.0330,4.50,0.6845
1.8,3,140.06,102.72,976.33,0.5340,-1.00,nan,9.00,0.1505,0.0271,4.50,0.6845
1.9,3,139.50,106.21,979.17,0.5611,-1.00,nan,9.00,0.1234,0.0222,4.50,0.6845
2.0,3,138.95,109.69,982.02,0.5833,-1.00,nan,9.00,0.1012,0.0182,4.50,0.6845
2.1,3,138.40,113.18,984.86,0.6015,-1.00,nan,9.00,0.0830,0.0149,4.50,0.6845
2.2,3,137.85,116.67,987.71,0.6164,145.91,0.2108,10.00,0.2108,0.0211,4.50,0.6845
2.3,3,137.24,120.05,991.39,0.6375,140.91,0.1897,10.00,0.1897,0.0190,5.00,0.8272
2.4,3,136.64,123.44,995.07,0.6565,135.91,0.1707,10.00,0.1707,0.0171,5.00,0.8272
2.5,3,136.04,126.82,998.75,0.6735,130.91,0.1536,10.00,0.1536,0.0154,5.00,0.8272
2.6,3,135.43,130.21,1002.43,0.6889,125.91,0.1383,10.00,0.1383,0.0138,5.00,0.8272
2.7,3,134.83,133.59,1006.11,0.7027,120.91,0.1244,10.00,0.1244,0.0124,5.00,0.8272
2.8,3,134.23,136.97,1009.79,0.7152,115.91,0.1120,10.00,0.1120,0.0112,5.00,0.8272
2.9,3,133.63,140.36,1013.47,0.7264,110.91,0.1008,10.00,0.1008,0.0101,5.00,0.8272
3.0,3,133.03,143.74,1017.15,0.7365,105.91,0.0907,10.00,0.0907,0.0091,5.00,0.8272
3.1,3,132.42,147.13,1020.83,0.7455,100.91,0.0817,10.00,0.0817,0.0082,5.00,0.8272
3.2,3,131.82,150.51,1024.51,0.7537,95.91,0.0735,10.00,0.0735,0.0073,5.00,0.8272
3.3,3,131.22,153.90,1028.19,0.7610,90.91,0.0661,10.00,0.0661,0.0066,5.00,0.8272
3.4,3,130.62,157.28,1031.87,0.7677,85.91,0.0595,10.00,0.0595,0.0060,5.00,0.8272
3.5,3,130.02,160.67,1035.55,0.7736,80.91,0.0536,10.00,0.0536,0.0054,5.00,0.8272
3.6,3,129.42,164.05,1039.23,0.7790,75.91,0.0482,10.00,0.0482,0.0048,5.00,0.8272
3.7,3,128.82,167.44,1042.91,0.7838,70.91,0.0434,10.00,0.0434,0.0043,5.00,0.8272
3.8,3,128.22,170.82,1046.59,0.7881,65.91,0.0391,10.00,0.0391,0.0039,5.00,0.8272
3.9,3,127.62,174.21,1050.27,0.7920,60.91,0.0351,10.00,0.0351,0.0035,5.00,0.8272
4.0,3,127.02,177.59,1053.95,0.7955,55.91,0.0316,10.00,0.0316,0.0032,5.00,0.8272
4.1,3,126.42,180.98,1057.63,0.7987,50.91,0.0285,10.00,0.0285,0.0028,5.00,0.8272
4.2,3,125.82,184.36,1061.31,0.8016,45.91,0.0256,10.00,0.0256,0.0026,5.00,0.8272
4.3,3,125.22,187.75,1064.99,0.8041,40.91,0.0231,10.00,0.0231,0.0023,5.00,0.8272
4.4,3,124.62,191.13,1068.67,0.8064,35.91,0.0208,10.00,0.0208,0.0021,5.00,0.8272
4.5,3,124.01,194.52,1072.35,0.8085,30.91,0.0187,10.00,0.0187,0.0019,5.00,0.8272
4.6,3,123.41,197.90,1076.03,0.8104,25.91,0.0168,10.00,0.0168,0.0017,5.00,0.8272
4.7,3,122.81,201.29,1079.71,0.8121,16.80,2.5626,10.00,2.5626,0.1200,5.00,0.8272
4.8,3,122.20,196.42,1078.56,0.9321,11.80,2.4426,10.00,2.4426,0.1200,5.00,-2.9086
4.9,3,141.98,191.56,1077.40,1.0521,6.80,2.3226,6.80,2.3226,0.1200,5.00,-2.9086
5.0,3,141.52,188.25,1076.62,1.1721,32.88,-0.5750,10.00,-0.5750,-0.0575,3.40,-2.9086
5.1,3,140.91,192.38,1079.43,1.1145,27.88,-0.5175,10.00,-0.5175,-0.0518,5.00,0.5970
5.2,3,140.30,196.52,1082.24,1.0628,22.88,-0.4658,10.00,-0.4658,-0.0466,5.00,0.5970
5.3,3,139.69,200.65,1085.05,1.0162,17.88,-0.4192,10.00,-0.4192,-0.0419,5.00,0.5970
5.4,3,139.09,204.79,1087.86,0.9743,12.88,-0.3773,10.00,-0.3773,-0.0377,5.00,0.5970
5.5,3,165.08,208.92,1090.67,0.9366,7.88,-0.3396,7.88,-0.3396,-0.0340,5.00,0.5970
5.6,3,164.58,212.18,1092.89,0.9026,-1.00,nan,7.00,2.6343,-0.1000,3.94,0.5970
5.7,3,164.11,208.95,1091.54,0.8026,-1.00,nan,7.00,2.8920,-0.1000,3.50,-2.7463
5.8,3,163.65,205.97,1089.70,0.7026,-1.00,nan,7.00,-3.1354,-0.1000,3.50,-2.5886
5.9,3,163.18,203.32,1087.42,0.6026,-1.00,nan,7.00,-2.8815,-0.1000,3.50,-2.4328
6.0,3,162.72,201.04,1084.76,0.5026,-1.00,nan,7.00,-2.6294,-0.1000,3.50,-2.2789
6.1,3,162.25,199.19,1081.79,0.4026,-1.00,nan,7.00,-2.3790,-0.1000,3.50,-2.1268
6.2,3,161.78,197.81,1078.57,0.3026,-1.00,nan,7.00,-2.1303,-0.1000,3.50,-1.9764
6.3,3,161.32,196.92,1075.19,0.2026,-1.00,nan,7.00,-1.8832,-0.1000,3.50,-1.8277
6.4,3,160.85,196.54,1071.71,0.1026,-1.00,nan,7.00,-1.6377,-0.1000,3.50,-1.6806
6.5,3,160.39,196.66,1068.21,0.0026,-1.00,nan,7.00,-1.3937,-0.1000,3.50,-1.5351
6.6,3,159.92,197.29,1064.77,-0.0974,-1.00,nan,7.00,-1.1511,-0.1000,3.50,-1.3911
6.7,3,159.46,198.40,1061.45,-0.1974,-1.00,nan,7.00,-0.9100,-0.1000,3.50,-1.2485
6.8,3,158.99,199.96,1058.32,-0.2974,-1.00,nan,7.00,-0.6703,-0.1000,3.50,-1.1074
6.9,3,158.52,201.95,1055.43,-0.3974,-1.00,nan,7.00,-0.4319,-0.1000,3.50,-0.9677
7.0,3,158.06,204.31,1052.85,-0.4974,-1.00,nan,7.00,-0.1948,-0.1000,3.50,-0.8293
7.1,3,157.59,207.01,1050.62,-0.5974,-1.00,nan,10.00,2.1682,0.1500,3.50,-0.6922
7.2,3,156.97,207.01,1055.62,-0.4474,-1.00,nan,7.00,-0.2306,-0.1000,5.00,1.5708
7.3,3,156.50,209.73,1053.42,-0.5474,-1.00,nan,7.00,0.0288,-0.1000,3.50,-0.6780
7.4,3,156.04,212.77,1051.69,-0.6474,-1.00,nan,10.00,2.2182,0.1500,3.50,-0.5186
7.5,3,155.41,212.77,1056.69,-0.4974,-1.00,nan,7.00,0.0365,-0.1000,5.00,1.5708
7.6,3,154.95,215.91,1055.13,-0.5974,-1.00,nan,7.00,0.3313,-0.1000,3.50,-0.4609
7.7,3,154.48,219.28,1054.21,-0.6974,-1.00,nan,7.00,0.6226,-0.1000,3.50,-0.2661
7.8,3,154.01,222.77,1053.95,-0.7974,-1.00,nan,7.00,0.9105,-0.1000,3.50,-0.0748
7.9,3,153.55,226.25,1054.35,-0.8974,-1.00,nan,7.00,1.1951,-0.1000,3.50,0.1131
8.0,3,153.08,229.60,1055.37,-0.9974,-1.00,nan,7.00,1.4767,-0.1000,3.50,0.2977
8.1,3,152.62,232.70,1056.99,-1.0974,-1.00,nan,7.00,1.7554,-0.1000,3.50,0.4793
8.2,3,152.15,235.47,1059.13,-1.1974,-1.00,nan,7.00,2.0312,-0.1000,3.50,0.6580
8.3,3,151.68,237.82,1061.72,-1.2974,-1.00,nan,7.00,2.3044,-0.1000,3.50,0.8338
8.4,3,151.22,239.69,1064.68,-1.3974,-1.00,nan,7.00,2.5751,-0.1000,3.50,1.0070
8.5,3,150.75,241.03,1067.91,-1.4974,-1.00,nan,7.00,2.8433,-0.1000,3.50,1.1777
8.6,3,150.29,241.82,1071.32,-1.5974,-1.00,nan,7.00,3.1092,-0.1000,3.50,1.3459
8.7,3,149.82,242.02,1074.82,-1.6974,-1.00,nan,7.00,-2.9103,-0.1000,3.50,1.5118
8.8,3,149.35,241.66,1078.30,-1.7974,-1.00,nan,7.00,-2.6488,-0.1000,3.50,1.6755
8.9,3,148.89,240.73,1081.67,-1.8974,-1.00,nan,7.00,-2.3893,-0.1000,3.50,1.8370
9.0,3,148.42,239.29,1084.86,-1.9974,-1.00,nan,7.00,-2.1319,-0.1000,3.50,1.9965
9.1,3,147.96,237.36,1087.78,-2.0974,-1.00,nan,7.00,-1.8763,-0.1000,3.50,2.1539
9.2,3,147.49,235.01,1090.37,-2.1974,-1.00,nan,7.00,-1.6226,-0.1000,3.50,2.3095
9.3,3,147.03,232.28,1092.57,-2.2974,-1.00,nan,7.00,-1.3707,-0.1000,3.50,2.4632
9.4,3,146.56,229.25,1094.33,-2.3974,-1.00,nan,7.00,-1.1205,-0.1000,3.50,2.6151
9.5,3,146.09,226.00,1095.61,-2.4974,-1.00,nan,7.00,-0.8720,-0.1000,3.50,2.7653
9.6,3,145.63,222.59,1096.40,-2.5974,185.07,-0.5153,10.00,-0.5153,-0.0515,3.50,2.9138
9.7,3,145.02,217.59,1096.26,-2.6489,180.07,-0.4638,10.00,-0.4638,-0.0464,5.00,-3.1127
9.8,3,144.41,212.59,1096.11,-2.6953,175.07,-0.4174,10.00,-0.4174,-0.0417,5.00,-3.1127
9.9,3,143.81,207.60,1095.97,-2.7371,170.07,-0.3757,10.00,-0.3757,-0.0376,5.00,-3.1127
10.0,3,143.20,202.60,1095.83,-2.7746,165.07,-0.3381,10.00,-0.3381,-0.0338,5.00,-3.1127
10.1,3,142.59,197.60,1095.68,-2.8084,160.07,-0.3043,10.00,-0.3043,-0.0304,5.00,-3.1127
10.2,3,141.99,192.60,1095.54,-2.8389,155.07,-0.2739,10.00,-0.2739,-0.0274,5.00,-3.1127
10.3,3,141.38,187.60,1095.39,-2.8662,150.07,-0.2465,10.00,-0.2465,-0.0246,5.00,-3.1127
10.4,3,140.78,182.61,1095.25,-2.8909,145.07,-0.2218,10.00,-0.2218,-0.0222,5.00,-3.1127
10.5,3,140.18,177.61,1095.10,-2.9131,140.07,-0.1997,10.00,-0.1997,-0.0200,5.00,-3.1127
10.6,3,139.57,172.61,1094.96,-2.9330,135.07,-0.1797,10.00,-0.1797,-0.0180,5.00,-3.1127
10.7,3,138.97,167.61,1094.82,-2.9510,130.07,-0.1617,10.00,-0.1617,-0.0162,5.00,-3.1127
10.8,3,138.37,162.61,1094.67,-2.9672,125.07,-0.1455,10.00,-0.1455,-0.0146,5.00,-3.1127
10.9,3,137.77,157.62,1094.53,-2.9817,120.07,-0.1310,10.00,-0.1310,-0.0131,5.00,-3.1127
11.0,3,137.16,152.62,1094.38,-2.9948,115.07,-0.1179,10.00,-0.1179,-0.0118,5.00,-3.1127
11.1,3,136.56,147.62,1094.24,-3.0066,110.07,-0.1061,10.00,-0.1061,-0.0106,5.00,-3.1127
11.2,3,135.96,142.62,1094.09,-3.0172,105.07,-0.0955,10.00,-0.0955,-0.0095,5.00,-3.1127
11.3,3,135.36,137.63,1093.95,-3.0268,100.07,-0.0859,10.00,-0.0859,-0.0086,5.00,-3.1127
11.4,3,134.76,132.63,1093.81,-3.0354,95.07,-0.0773,10.00,-0.0773,-0.0077,5.00,-3.1127
11.5,3,134.16,127.63,1093.66,-3.0431,90.07,-0.0696,10.00,-0.0696,-0.0070,5.00,-3.1127
11.6,3,133.56,122.63,1093.52,-3.0501,85.07,-0.0627,10.00,-0.0627,-0.0063,5.00,-3.1127
11.7,3,132.95,117.63,1093.37,-3.0563,80.07,-0.0564,10.00,-0.0564,-0.0056,5.00,-3.1127
11.8,3,132.35,112.64,1093.23,-3.0620,75.07,-0.0507,10.00,-0.0507,-0.0051,5.00,-3.1127
11.9,3,131.75,107.64,1093.08,-3.0671,70.07,-0.0457,10.00,-0.0457,-0.0046,5.00,-3.1127
12.0,3,131.15,102.64,1092.94,-3.0716,65.07,-0.0411,10.00,-0.0411,-0.0041,5.00,-3.1127
12.1,3,130.55,97.64,1092.80,-3.0757,60.07,-0.0370,10.00,-0.0370,-0.0037,5.00,-3.1127
12.2,3,129.95,92.64,1092.65,-3.0794,55.07,-0.0333,10.00,-0.0333,-0.0033,5.00,-3.1127
12.3,3,129.35,87.65,1092.51,-3.0828,50.07,-0.0300,10.00,-0.0300,-0.0030,5.00,-3.1127
12.4,3,128.75,82.65,1092.36,-3.0858,45.07,-0.0270,10.00,-0.0270,-0.0027,5.00,-3.1127
12.5,3,128.15,77.65,1092.22,-3.0885,40.07,-0.0243,10.00,-0.0243,-0.0024,5.00,-3.1127
12.6,3,127.55,72.65,1092.07,-3.0909,35.07,-0.0218,10.00,-0.0218,-0.0022,5.00,-3.1127
12.7,3,126.95,67.65,1091.93,-3.0931,30.07,-0.0197,10.00,-0.0197,-0.0020,5.00,-3.1127
12.8,3,126.35,62.66,1091.79,-3.0950,25.07,-0.0177,10.00,-0.0177,-0.0018,5.00,-3.1127
12.9,3,125.75,57.66,1091.64,-3.0968,20.07,-0.0159,10.00,-0.0159,-0.0016,5.00,-3.1127
13.0,3,125.15,52.66,1091.50,-3.0984,15.07,-0.0143,10.00,-0.0143,-0.0014,5.00,-3.1127
13.1,3,170.55,47.66,1091.35,-3.0998,10.07,-0.0129,10.00,3.0998,0.1500,5.00,-3.1127
13.2,3,169.92,52.66,1091.35,-2.9498,-1.00,nan,10.00,2.9498,0.1500,5.00,0.0000
13.3,3,169.30,57.66,1091.35,-2.7998,-1.00,nan,9.00,-0.0054,-0.1100,5.00,0.0000
13.4,3,168.73,53.41,1089.87,-2.9098,-1.00,nan,10.00,2.9098,0.1500,4.50,-2.8052
13.5,3,168.11,58.41,1089.87,-2.7598,-1.00,nan,9.00,-0.0105,-0.1100,5.00,0.0000
13.6,3,167.54,54.22,1088.24,-2.8698,-1.00,nan,10.00,2.8698,0.1500,4.50,-2.7703
13.7,3,166.92,59.22,1088.24,-2.7198,-1.00,nan,9.00,-0.0156,-0.1100,5.00,0.0000
13.8,3,166.35,55.09,1086.46,-2.8298,-1.00,nan,9.00,-0.0181,-0.1100,4.50,-2.7354
13.9,3,165.78,50.78,1085.16,-2.9398,-1.00,nan,10.00,2.9398,0.1500,4.50,-2.8480
14.0,3,165.16,55.78,1085.16,-2.7898,-1.00,nan,9.00,-0.0232,-0.1100,5.00,0.0000
14.1,3,164.59,51.52,1083.70,-2.8998,-1.00,nan,10.00,2.8998,0.1500,4.50,-2.8130
14.2,3,163.97,56.52,1083.70,-2.7498,-1.00,nan,9.00,-0.0282,-0.1100,5.00,0.0000
14.3,3,163.40,52.31,1082.10,-2.8598,-1.00,nan,10.00,2.8598,0.1500,4.50,-2.7780
14.4,3,162.78,57.31,1082.10,-2.7098,-1.00,nan,9.00,-0.0332,-0.1100,5.00,0.0000
14.5,3,162.21,53.17,1080.36,-2.8198,-1.00,nan,10.00,2.8198,0.1500,4.50,-2.7430
14.6,3,161.58,58.17,1080.36,-2.6698,-1.00,nan,9.00,-0.0381,-0.1100,5.00,0.0000
14.7,3,161.02,54.08,1078.47,-2.7798,-1.00,nan,10.00,2.7798,0.1500,4.50,-2.7080
14.8,3,160.39,59.08,1078.47,-2.6298,-1.00,nan,9.00,-0.0431,-0.1100,5.00,0.0000
14.9,3,159.83,55.07,1076.43,-2.7398,-1.00,nan,9.00,-0.0455,-0.1100,4.50,-2.6729
15.0,3,159.26,50.85,1074.86,-2.8498,-1.00,nan,10.00,2.8498,0.1500,4.50,-2.7853
15.1,3,158.63,55.85,1074.86,-2.6998,-1.00,nan,9.00,-0.0503,-0.1100,5.00,0.0000
15.2,3,158.07,51.69,1073.15,-2.8098,-1.00,nan,10.00,2.8098,0.1500,4.50,-2.7502
15.3,3,157.44,56.69,1073.15,-2.6598,-1.00,nan,9.00,-0.0551,-0.1100,5.00,0.0000
15.4,3,156.88,52.60,1071.28,-2.7698,-1.00,nan,10.00,2.7698,0.1500,4.50,-2.7149
15.5,3,156.25,57.60,1071.28,-2.6198,-1.00,nan,9.00,-0.0598,-0.1100,5.00,0.0000
15.6,3,155.68,53.57,1069.28,-2.7298,-1.00,nan,10.00,2.7298,0.1500,4.50,-2.6796
15.7,3,155.06,58.57,1069.28,-2.5798,-1.00,nan,9.00,-0.0644,-0.1100,5.00,0.0000
15.8,3,154.49,54.61,1067.13,-2.6898,-1.00,nan,10.00,2.6898,0.1500,4.50,-2.6443
15.9,3,153.87,59.61,1067.13,-2.5398,-1.00,nan,9.00,-0.0690,-0.1100,5.00,0.0000
16.0,3,153.30,55.74,1064.85,-2.6498,-1.00,nan,9.00,-0.0713,-0.1100,4.50,-2.6088
16.1,3,152.73,51.63,1063.01,-2.7598,-1.00,nan,10.00,2.7598,0.1500,4.50,-2.7211
16.2,3,152.11,56.63,1063.01,-2.6098,-1.00,nan,9.00,-0.0757,-0.1100,5.00,0.0000
16.3,3,151.54,52.59,1061.03,-2.7198,-1.00,nan,10.00,2.7198,0.1500,4.50,-2.6855
16.4,3,150.92,57.59,1061.03,-2.5698,-1.00,nan,9.00,-0.0801,-0.1100,5.00,0.0000
16.5,3,150.35,53.62,1058.90,-2.6798,-1.00,nan,10.00,2.6798,0.1500,4.50,-2.6499
16.6,3,149.73,58.62,1058.90,-2.5298,-1.00,nan,9.00,-0.0843,-0.1100,5.00,0.0000
16.7,3,149.16,54.73,1056.64,-2.6398,-1.00,nan,10.00,2.6398,0.1500,4.50,-2.6142
16.8,3,148.54,59.73,1056.64,-2.4898,-1.00,nan,9.00,-0.0885,-0.1100,5.00,0.0000
16.9,3,147.97,55.93,1054.24,-2.5998,-1.00,nan,9.00,-0.0906,-0.1100,4.50,-2.5783
17.0,3,147.40,51.88,1052.27,-2.7098,-1.00,nan,10.00,2.7098,0.1500,4.50,-2.6904
17.1,3,146.78,56.88,1052.27,-2.5598,-1.00,nan,9.00,-0.0946,-0.1100,5.00,0.0000
17.2,3,146.21,52.90,1050.17,-2.6698,-1.00,nan,10.00,2.6698,0.1500,4.50,-2.6544
17.3,3,145.59,57.90,1050.17,-2.5198,-1.00,nan,9.00,-0.0985,-0.1100,5.00,0.0000
17.4,3,145.02,54.00,1047.92,-2.6298,-1.00,nan,10.00,2.6298,0.1500,4.50,-2.6183
17.5,3,144.39,59.00,1047.92,-2.4798,-1.00,nan,9.00,-0.1023,-0.1100,5.00,0.0000
17.6,3,143.83,55.19,1045.53,-2.5898,-1.00,nan,9.00,-0.1041,-0.1100,4.50,-2.5821
17.7,3,143.26,51.13,1043.58,-2.6998,-1.00,nan,10.00,2.6998,0.1500,4.50,-2.6939
17.8,3,142.63,56.13,1043.58,-2.5498,-1.00,nan,9.00,-0.1077,-0.1100,5.00,0.0000
17.9,3,142.07,52.15,1041.49,-2.6598,-1.00,nan,10.00,2.6598,0.1500,4.50,-2.6576
18.0,3,141.44,57.15,1041.49,-2.5098,-1.00,nan,9.00,-0.1112,-0.1100,5.00,0.0000
18.1,3,140.88,53.25,1039.25,-2.6198,-1.00,nan,10.00,2.6198,0.1500,4.50,-2.6210
18.2,3,140.25,58.25,1039.25,-2.4698,-1.00,nan,9.00,1.0854,0.1100,5.00,0.0000
18.3,3,139.68,62.75,1039.30,-2.3598,-1.00,nan,5.50,-2.3526,-0.1500,4.50,0.0119
18.4,3,139.29,62.75,1042.05,-2.5098,-1.00,nan,8.25,-2.2026,-0.1500,2.75,1.5708
18.5,3,138.75,62.75,1046.18,-2.6598,-1.00,nan,9.00,1.0806,0.1100,4.12,1.5708
18.6,3,138.18,62.71,1041.68,-2.5498,-1.00,nan,7.87,-2.1626,-0.1500,4.50,-1.5792
18.7,3,137.66,62.71,1045.61,-2.6998,-1.00,nan,9.00,1.0776,0.1100,3.94,1.5708
18.8,3,137.10,62.48,1041.12,-2.5898,-1.00,nan,7.32,-2.1226,-0.1500,4.50,-1.6222
18.9,3,136.61,62.48,1044.78,-2.7398,-1.00,nan,9.00,1.0748,0.1100,3.66,1.5708
19.0,3,136.04,62.05,1040.30,-2.6298,-1.00,nan,6.50,-2.0826,-0.1500,4.50,-1.6651
19.1,3,135.59,62.05,1043.55,-2.7798,-1.00,nan,9.00,1.0720,0.1100,3.25,1.5708
19.2,3,135.02,61.44,1039.09,-2.6698,-1.00,nan,5.29,-2.0426,-0.1500,4.50,-1.7078
19.3,3,134.64,61.44,1041.73,-2.8198,-1.00,nan,9.00,1.0694,0.1100,2.64,1.5708
19.4,3,134.07,57.98,1038.86,-2.7098,-1.00,nan,9.00,1.0682,0.1100,4.50,-2.4485
19.5,3,133.50,53.49,1039.17,-2.5998,-1.00,nan,10.00,2.5998,0.1500,4.50,3.0708
19.6,3,132.88,58.49,1039.17,-2.4498,-1.00,nan,9.00,1.0658,0.1100,5.00,0.0000
19.7,3,132.31,62.99,1039.23,-2.3398,-1.00,nan,5.43,-2.3726,-0.1500,4.50,0.0123
19.8,3,131.91,62.99,1041.94,-2.4898,-1.00,nan,8.14,-2.2226,-0.1500,2.71,1.5708
19.9,3,131.38,62.99,1046.01,-2.6398,-1.00,nan,9.00,1.0626,0.1100,4.07,1.5708
20.0,3,130.82,62.96,1041.51,-2.5298,-1.00,nan,7.71,-2.1826,-0.1500,4.50,-1.5772
20.1,3,130.31,62.96,1045.37,-2.6798,-1.00,nan,9.00,1.0606,0.1100,3.86,1.5708
20.2,3,129.74,62.74,1040.87,-2.5698,-1.00,nan,7.07,-2.1426,-0.1500,4.50,-1.6192
20.3,3,129.26,62.74,1044.41,-2.7198,-1.00,nan,9.00,1.0588,0.1100,3.54,1.5708
20.4,3,128.69,62.34,1039.93,-2.6098,-1.00,nan,6.12,-2.1026,-0.1500,4.50,-1.6610
20.5,3,128.26,62.34,1042.99,-2.7598,-1.00,nan,9.00,1.0572,0.1100,3.06,1.5708
20.6,3,127.70,60.25,1039.00,-2.6498,-1.00,nan,5.20,-2.0626,-0.1500,4.50,-2.0517
20.7,3,127.31,60.25,1041.60,-2.7998,-1.00,nan,9.00,1.0557,0.1100,2.60,1.5708
20.8,3,126.74,56.36,1039.34,-2.6898,-1.00,nan,9.00,1.0550,0.1100,4.50,-2.6168
20.9,3,126.18,51.89,1038.85,-2.5798,-1.00,nan,10.00,2.5798,0.1500,4.50,-3.0311
21.0,3,125.55,56.89,1038.85,-2.4298,-1.00,nan,9.00,1.0538,0.1100,5.00,0.0000
21.1,3,124.99,61.39,1038.94,-2.3198,-1.00,nan,5.14,-2.3926,-0.1500,4.50,0.0202
21.2,3,124.61,61.39,1041.51,-2.4698,-1.00,nan,7.70,-2.2426,-0.1500,2.57,1.5708
21.3,3,124.10,61.39,1045.36,-2.6198,-1.00,nan,9.00,1.0523,0.1100,3.85,1.5708
21.4,3,123.53,61.40,1040.86,-2.5098,-1.00,nan,7.06,-2.2026,-0.1500,4.50,-1.5676
21.5,3,123.05,61.40,1044.39,-2.6598,-1.00,nan,9.00,1.0515,0.1100,3.53,1.5708
21.6,3,122.48,61.23,1039.89,-2.5498,-1.00,nan,6.09,-2.1626,-0.1500,4.50,-1.6084
21.7,3,122.06,61.23,1042.93,-2.6998,-1.00,nan,9.00,1.0509,0.1100,3.04,1.5708
21.8,3,121.49,59.37,1038.84,-2.5898,-1.00,nan,5.03,-2.1226,-0.1500,4.50,-1.9980
21.9,3,121.11,59.37,1041.35,-2.7398,-1.00,nan,9.00,1.0504,0.1100,2.52,1.5708
22.0,3,120.55,55.60,1038.89,-2.6298,-1.00,nan,9.00,1.0502,0.1100,4.50,-2.5621
22.1,3,119.98,51.36,1037.39,-2.5198,-1.00,nan,10.00,2.5198,0.1500,4.50,-2.8013
22.2,3,119.35,56.06,1039.10,-2.3698,-1.00,nan,9.00,1.0500,0.1100,5.00,0.3491
22.3,3,118.79,60.55,1039.44,-2.2598,-1.00,nan,5.64,-2.4526,-0.1500,4.50,0.0765
22.4,3,118.38,60.55,1042.26,-2.4098,-1.00,nan,8.46,-2.3026,-0.1500,2.82,1.5708
22.5,3,117.83,60.55,1046.49,-2.5598,-1.00,nan,9.00,1.0501,0.1100,4.23,1.5708
22.6,3,117.27,60.82,1042.00,-2.4498,-1.00,nan,8.20,-2.2626,-0.1500,4.50,-1.5098
22.7,3,116.73,60.82,1046.10,-2.5998,-1.00,nan,9.00,1.0503,0.1100,4.10,1.5708
22.8,3,116.17,60.92,1041.60,-2.4898,-1.00,nan,7.79,-2.2226,-0.1500,4.50,-1.5495
22.9,3,115.65,60.92,1045.49,-2.6398,-1.00,nan,9.00,1.0507,0.1100,3.90,1.5708
23.0,3,115.08,60.83,1041.00,-2.5298,-1.00,nan,7.19,-2.1826,-0.1500,4.50,-1.5891
23.1,3,114.60,60.83,1044.59,-2.6798,-1.00,nan,9.00,1.0513,0.1100,3.60,1.5708
23.2,3,114.03,60.57,1040.10,-2.5698,-1.00,nan,6.30,-2.1426,-0.1500,4.50,-1.6285
23.3,3,113.59,60.57,1043.25,-2.7198,-1.00,nan,9.00,1.0520,0.1100,3.15,1.5708
23.4,3,113.03,59.37,1038.91,-2.6098,-1.00,nan,9.00,1.0525,0.1100,4.50,-1.8423
23.5,3,112.46,54.87,1038.85,-2.4998,-1.00,nan,10.00,2.4998,0.1500,4.50,-3.1281
23.6,3,111.84,59.87,1038.85,-2.3498,-1.00,nan,5.05,-2.3626,-0.1500,5.00,0.0000
23.7,3,111.46,59.87,1041.37,-2.4998,-1.00,nan,7.57,-2.2126,-0.1500,2.52,1.5708
23.8,3,110.96,59.87,1045.16,-2.6498,-1.00,nan,9.00,1.0547,0.1100,3.79,1.5708
23.9,3,110.39,59.76,1040.66,-2.5398,-1.00,nan,9.00,1.0553,0.1100,4.50,-1.5952
24.0,3,109.82,64.10,1039.49,-2.4298,-1.00,nan,5.69,-2.2826,-0.1500,4.50,-0.2628
24.1,3,109.41,64.10,1042.34,-2.5798,-1.00,nan,8.53,-2.1326,-0.1500,2.84,1.5708
24.2,3,108.86,64.10,1046.60,-2.7298,-1.00,nan,9.00,1.0575,0.1100,4.27,1.5708
24.3,3,108.30,63.65,1042.13,-2.6198,-1.00,nan,8.32,-2.0926,-0.1500,4.50,-1.6723
24.4,3,107.76,63.65,1046.29,-2.7698,-1.00,nan,9.00,1.0592,0.1100,4.16,1.5708
24.5,3,107.19,63.02,1041.83,-2.6598,-1.00,nan,8.03,-2.0526,-0.1500,4.50,-1.7106
24.6,3,106.66,63.02,1045.85,-2.8098,-1.00,nan,9.00,1.0611,0.1100,4.02,1.5708
24.7,3,106.10,62.22,1041.42,-2.6998,-1.00,nan,7.62,-2.0126,-0.1500,4.50,-1.7488
24.8,3,105.59,62.22,1045.23,-2.8498,-1.00,nan,9.00,1.0631,0.1100,3.81,1.5708
24.9,3,105.02,61.26,1040.83,-2.7398,-1.00,nan,9.00,1.0641,0.1100,4.50,-1.7868
25.0,3,104.46,57.15,1039.00,-2.6298,-1.00,nan,9.00,1.0652,0.1100,4.50,-2.7229
25.1,3,103.89,52.65,1038.97,-2.5198,-1.00,nan,10.00,2.5198,0.1500,4.50,-3.1354
25.2,3,103.26,57.65,1038.97,-2.3698,-1.00,nan,9.00,1.0675,0.1100,5.00,0.0000
25.3,3,102.70,62.13,1039.40,-2.2598,-1.00,nan,5.59,-2.4526,-0.1500,4.50,0.0940
25.4,3,102.29,62.13,1042.19,-2.4098,-1.00,nan,8.39,-2.3026,-0.1500,2.80,1.5708
25.5,3,101.75,62.13,1046.39,-2.5598,-1.00,nan,9.00,1.0713,0.1100,4.20,1.5708
25.6,3,101.18,62.50,1041.90,-2.4498,-1.00,nan,8.10,-2.2626,-0.1500,4.50,-1.4885
25.7,3,100.65,62.50,1045.95,-2.5998,-1.00,nan,9.00,1.0740,0.1100,4.05,1.5708
25.8,3,100.09,62.70,1041.46,-2.4898,-1.00,nan,7.66,-2.2226,-0.1500,4.50,-1.5258
25.9,3,99.58,62.70,1045.29,-2.6398,-1.00,nan,9.00,1.0768,0.1100,3.83,1.5708
26.0,3,99.01,62.73,1040.79,-2.5298,-1.00,nan,6.98,-2.1826,-0.1500,4.50,-1.5630
26.1,3,98.54,62.73,1044.28,-2.6798,-1.00,nan,9.00,1.0798,0.1100,3.49,1.5708
26.2,3,97.97,62.60,1039.78,-2.5698,-1.00,nan,5.98,-2.1426,-0.1500,4.50,-1.6000
26.3,3,97.55,62.60,1042.77,-2.7198,-1.00,nan,9.00,1.0829,0.1100,2.99,1.5708
26.4,3,96.98,60.10,1039.03,-2.6098,-1.00,nan,5.23,-2.1026,-0.1500,4.50,-2.1605
26.5,3,96.60,60.10,1041.64,-2.7598,-1.00,nan,9.00,1.0862,0.1100,2.61,1.5708
26.6,3,96.03,56.37,1039.12,-2.6498,-1.00,nan,9.00,1.0879,0.1100,4.50,-2.5463
26.7,3,95.46,51.87,1039.08,-2.5398,-1.00,nan,10.00,2.5398,0.1500,4.50,-3.1328
26.8,3,94.84,56.87,1039.08,-2.3898,-1.00,nan,9.00,1.0913,0.1100,5.00,0.0000
26.9,3,94.27,61.35,1039.52,-2.2798,-1.00,nan,5.72,-2.4326,-0.1500,4.50,0.0977
27.0,3,93.86,61.35,1042.38,-2.4298,-1.00,nan,8.57,-2.2826,-0.1500,2.86,1.5708
27.1,3,93.31,61.35,1046.66,-2.5798,-1.00,nan,9.00,1.0967,0.1100,4.29,1.5708
27.2,3,92.74,61.75,1042.18,-2.4698,-1.00,nan,8.38,-2.2426,-0.1500,4.50,-1.4831
27.3,3,92.20,61.75,1046.37,-2.6198,-1.00,nan,9.00,1.1005,0.1100,4.19,1.5708
27.4,3,91.63,61.98,1041.88,-2.5098,-1.00,nan,8.07,-2.2026,-0.1500,4.50,-1.5194
27.5,3,91.10,61.98,1045.91,-2.6598,-1.00,nan,9.00,1.1043,0.1100,4.04,1.5708
27.6,3,90.53,62.05,1041.41,-2.5498,-1.00,nan,7.61,-2.1626,-0.1500,4.50,-1.5555
27.7,3,90.03,62.05,1045.22,-2.6998,-1.00,nan,9.00,1.1083,0.1100,3.81,1.5708
27.8,3,89.46,61.95,1040.72,-2.5898,-1.00,nan,6.92,-2.1226,-0.1500,4.50,-1.5915
27.9,3,88.99,61.95,1044.18,-2.7398,-1.00,nan,9.00,1.1124,0.1100,3.46,1.5708
28.0,3,88.42,61.70,1039.69,-2.6298,-1.00,nan,5.88,-2.0826,-0.1500,4.50,-1.6274
28.1,3,88.01,61.70,1042.63,-2.7798,-1.00,nan,9.00,1.1166,0.1100,2.94,1.5708
28.2,3,87.44,59.10,1038.96,-2.6698,-1.00,nan,9.00,1.1187,0.1100,4.50,-2.1868
28.3,3,86.87,54.60,1038.87,-2.5598,-1.00,nan,10.00,2.5598,0.1500,4.50,-3.1219
28.4,3,86.25,59.60,1038.87,-2.4098,-1.00,nan,5.06,-2.3026,-0.1500,5.00,0.0000
28.5,3,85.87,59.60,1041.40,-2.5598,-1.00,nan,9.00,1.1253,0.1100,2.53,1.5708
28.6,3,85.30,63.41,1039.00,-2.4498,-1.00,nan,5.20,-2.2626,-0.1500,4.50,-0.5619
28.7,3,84.92,63.41,1041.60,-2.5998,-1.00,nan,7.80,-2.1126,-0.1500,2.60,1.5708
28.8,3,84.41,63.41,1045.50,-2.7498,-1.00,nan,9.00,1.1320,0.1100,3.90,1.5708
28.9,3,83.84,63.20,1041.01,-2.6398,-1.00,nan,7.20,-2.0726,-0.1500,4.50,-1.6178
29.0,3,83.35,63.20,1044.61,-2.7898,-1.00,nan,9.00,1.1366,0.1100,3.60,1.5708
29.1,3,82.79,62.83,1040.12,-2.6798,-1.00,nan,6.32,-2.0326,-0.1500,4.50,-1.6532
29.2,3,82.35,62.83,1043.28,-2.8298,-1.00,nan,9.00,1.1412,0.1100,3.16,1.5708
29.3,3,81.78,62.30,1038.81,-2.7198,-1.00,nan,5.01,-1.9926,-0.1500,4.50,-1.6886
29.4,3,81.40,62.30,1041.32,-2.8698,-1.00,nan,9.00,1.1460,0.1100,2.51,1.5708
29.5,3,80.84,58.45,1038.99,-2.7598,-1.00,nan,9.00,1.1484,0.1100,4.50,-2.5965
29.6,3,80.27,53.95,1039.17,-2.6498,-1.00,nan,10.00,2.6498,0.1500,4.50,3.1009
29.7,3,79.65,58.95,1039.17,-2.4998,-1.00,nan,5.37,-2.2126,-0.1500,5.00,0.0000
29.8,3,79.25,58.95,1041.85,-2.6498,-1.00,nan,9.00,1.1556,0.1100,2.68,1.5708
29.9,3,78.69,62.61,1039.23,-2.5398,-1.00,nan,5.43,-2.1726,-0.1500,4.50,-0.6216
30.0,3,78.29,62.61,1041.95,-2.6898,-1.00,nan,8.14,-2.0226,-0.1500,2.71,1.5708
30.1,3,77.76,62.61,1046.02,-2.8398,-1.00,nan,9.00,1.1630,0.1100,4.07,1.5708
30.2,3,77.19,62.13,1041.54,-2.7298,-1.00,nan,9.00,1.1654,0.1100,4.50,-1.6769
30.3,3,76.62,58.25,1039.27,-2.6198,-1.00,nan,9.00,1.1679,0.1100,4.50,-2.6116
30.4,3,76.06,62.75,1039.02,-2.5098,-1.00,nan,5.21,-2.2026,-0.1500,4.50,-0.0556
30.5,3,75.67,62.75,1041.63,-2.6598,-1.00,nan,7.82,-2.0526,-0.1500,2.61,1.5708
30.6,3,75.16,62.75,1045.54,-2.8098,-1.00,nan,9.00,1.1754,0.1100,3.91,1.5708
30.7,3,74.59,62.46,1041.05,-2.6998,-1.00,nan,7.24,-2.0126,-0.1500,4.50,-1.6344
30.8,3,74.10,62.46,1044.67,-2.8498,-1.00,nan,9.00,1.1805,0.1100,3.62,1.5708
30.9,3,73.54,62.02,1040.19,-2.7398,-1.00,nan,6.39,-1.9726,-0.1500,4.50,-1.6694
31.0,3,73.09,62.02,1043.38,-2.8898,-1.00,nan,9.00,1.1856,0.1100,3.19,1.5708
31.1,3,72.53,61.42,1038.92,-2.7798,-1.00,nan,5.12,-1.9326,-0.1500,4.50,-1.7043
31.2,3,72.25,61.42,1041.48,-2.9298,-1.00,nan,5.12,-1.9326,-0.1500,2.56,1.5708
31.3,3,71.87,61.80,1044.01,-3.0798,-1.00,nan,9.00,1.1906,0.1100,2.56,1.4208
31.4,3,71.30,60.39,1039.74,-2.9698,-1.00,nan,9.00,1.1932,0.1100,4.50,-1.8892
31.5,3,70.73,55.94,1039.09,-2.8598,-1.00,nan,9.00,1.1957,0.1100,4.50,-2.9984
31.6,3,70.16,51.58,1037.96,-2.7498,-1.00,nan,10.00,2.7498,0.1500,4.50,-2.8858
31.7,3,69.54,56.51,1038.82,-2.5998,-1.00,nan,9.00,1.2008,0.1100,5.00,0.1745
31.8,3,68.97,61.01,1038.81,-2.4898,-1.00,nan,5.01,-2.2226,-0.1500,4.50,-0.0027
31.9,3,68.60,61.01,1041.32,-2.6398,-1.00,nan,9.00,1.2059,0.1100,2.50,1.5708
32.0,3,68.03,64.82,1038.92,-2.5298,-1.00,nan,5.12,-2.1826,-0.1500,4.50,-0.5612
32.1,3,67.65,64.82,1041.48,-2.6798,-1.00,nan,7.68,-2.0326,-0.1500,2.56,1.5708
32.2,3,67.14,64.82,1045.32,-2.8298,-1.00,nan,9.00,1.2136,0.1100,3.84,1.5708
32.3,3,66.58,64.61,1040.82,-2.7198,-1.00,nan,7.02,-1.9926,-0.1500,4.50,-1.6163
32.4,3,66.10,64.61,1044.33,-2.8698,-1.00,nan,9.00,1.2186,0.1100,3.51,1.5708
32.5,3,65.53,64.25,1039.85,-2.7598,-1.00,nan,6.04,-1.9526,-0.1500,4.50,-1.6512
32.6,3,65.11,64.25,1042.87,-2.9098,-1.00,nan,9.00,1.2237,0.1100,3.02,1.5708
32.7,3,64.54,62.24,1038.85,-2.7998,-1.00,nan,5.04,-1.9126,-0.1500,4.50,-2.0352
32.8,3,64.16,62.24,1041.37,-2.9498,-1.00,nan,9.00,1.2287,0.1100,2.52,1.5708
32.9,3,63.60,58.39,1039.02,-2.8398,-1.00,nan,9.00,1.2312,0.1100,4.50,-2.5938
33.0,3,63.03,53.90,1039.19,-2.7298,-1.00,nan,10.00,2.7298,0.1500,4.50,3.1038
33.1,3,62.41,58.90,1039.19,-2.5798,-1.00,nan,9.00,1.2362,0.1100,5.00,0.0000
33.2,3,61.84,63.39,1039.43,-2.4698,-1.00,nan,5.63,-2.2426,-0.1500,4.50,0.0526
33.3,3,61.43,63.39,1042.24,-2.6198,-1.00,nan,8.44,-2.0926,-0.1500,2.81,1.5708
33.4,3,60.89,63.39,1046.46,-2.7698,-1.00,nan,9.00,1.2435,0.1100,4.22,1.5708
33.5,3,60.32,63.59,1041.97,-2.6598,-1.00,nan,8.17,-2.0526,-0.1500,4.50,-1.5263
33.6,3,59.79,63.59,1046.05,-2.8098,-1.00,nan,9.00,1.2484,0.1100,4.08,1.5708
33.7,3,59.22,63.63,1041.55,-2.6998,-1.00,nan,7.75,-2.0126,-0.1500,4.50,-1.5614
33.8,3,58.71,63.63,1045.43,-2.8498,-1.00,nan,9.00,1.2532,0.1100,3.87,1.5708
33.9,3,58.14,63.52,1040.93,-2.7398,-1.00,nan,7.12,-1.9726,-0.1500,4.50,-1.5966
34.0,3,57.66,63.52,1044.49,-2.8898,-1.00,nan,9.00,1.2579,0.1100,3.56,1.5708
34.1,3,57.09,63.24,1040.00,-2.7798,-1.00,nan,6.19,-1.9326,-0.1500,4.50,-1.6319
34.2,3,56.66,63.24,1043.09,-2.9298,-1.00,nan,9.00,1.2626,0.1100,3.10,1.5708
34.3,3,56.09,61.30,1039.03,-2.8198,-1.00,nan,5.23,-1.8926,-0.1500,4.50,-2.0163
34.4,3,55.71,61.30,1041.65,-2.9698,-1.00,nan,9.00,1.2672,0.1100,2.62,1.5708
34.5,3,55.14,57.51,1039.23,-2.8598,-1.00,nan,9.00,1.2695,0.1100,4.50,-2.5753
34.6,3,54.57,53.01,1039.32,-2.7498,-1.00,nan,10.00,2.7498,0.1500,4.50,3.1220
34.7,3,53.95,58.01,1039.32,-2.5998,-1.00,nan,9.00,1.2739,0.1100,5.00,0.0000
34.8,3,53.38,62.48,1038.85,-2.4898,-1.00,nan,5.05,-2.2226,-0.1500,4.50,-0.1042
34.9,3,53.00,62.48,1041.38,-2.6398,-1.00,nan,7.58,-2.0726,-0.1500,2.53,1.5708
35.0,3,52.50,62.48,1045.17,-2.7898,-1.00,nan,9.00,1.2805,0.1100,3.79,1.5708
35.1,3,51.93,62.76,1040.68,-2.6798,-1.00,nan,6.87,-2.0326,-0.1500,4.50,-1.5093
35.2,3,51.47,62.76,1044.11,-2.8298,-1.00,nan,9.00,1.2848,0.1100,3.44,1.5708
35.3,3,50.90,62.87,1039.61,-2.7198,-1.00,nan,5.81,-1.9926,-0.1500,4.50,-1.5451
35.4,3,50.48,62.87,1042.52,-2.8698,-1.00,nan,9.00,1.2889,0.1100,2.91,1.5708
35.5,3,49.92,59.95,1039.10,-2.7598,-1.00,nan,9.00,1.2910,0.1100,4.50,-2.2790
35.6,3,49.35,64.42,1039.56,-2.6498,-1.00,nan,5.76,-2.0626,-0.1500,4.50,0.1019
35.7,3,48.94,64.42,1042.44,-2.7998,-1.00,nan,8.64,-1.9126,-0.1500,2.88,1.5708
35.8,3,48.38,64.42,1046.76,-2.9498,-1.00,nan,9.00,1.2969,0.1100,4.32,1.5708
35.9,3,47.81,64.05,1042.27,-2.8398,-1.00,nan,9.00,1.2989,0.1100,4.50,-1.6529
36.0,3,47.25,67.05,1038.91,-2.7298,-1.00,nan,5.11,-1.9826,-0.1500,4.50,-0.8428
36.1,3,46.87,67.05,1041.47,-2.8798,-1.00,nan,7.66,-1.8326,-0.1500,2.55,1.5708
36.2,3,46.36,67.05,1045.30,-3.0298,-1.00,nan,9.00,2.5045,-0.1100,3.83,1.5708
36.3,3,45.79,70.94,1043.04,-3.1398,-1.00,nan,9.00,2.5063,-0.1100,4.50,-0.5254
36.4,3,45.23,74.57,1040.38,-3.2498,-1.00,nan,6.57,-1.4626,-0.1463,4.50,-0.6335
36.5,3,44.77,74.57,1043.66,-3.3961,-1.00,nan,9.00,2.5098,-0.1100,3.29,1.5708
36.6,3,44.21,77.41,1040.18,-3.5061,-1.00,nan,9.00,2.5115,-0.1100,4.50,-0.8863
36.7,3,43.64,81.72,1038.86,-3.6161,-1.00,nan,9.00,2.5132,-0.1100,4.50,-0.2964
36.8,3,43.07,86.19,1039.40,-3.7261,-1.00,nan,9.00,2.5149,-0.1100,4.50,0.1189
36.9,3,42.50,90.69,1039.45,-3.8361,-1.00,nan,9.00,2.5165,-0.1100,4.50,0.0105
37.0,3,41.94,95.16,1039.01,-3.9461,-1.00,nan,9.00,2.5181,-0.1100,4.50,-0.0978
37.1,3,41.37,99.66,1038.86,-4.0561,-1.00,nan,9.00,2.5197,-0.1100,4.50,-0.0317
37.2,3,40.80,104.16,1039.02,-4.1661,-1.00,nan,9.00,-0.3593,-0.0647,4.50,0.0344
37.3,3,40.24,103.32,1043.44,-4.2308,-1.00,nan,9.00,-0.2946,-0.0530,4.50,1.7578
37.4,3,39.68,102.49,1047.86,-4.2838,-1.00,nan,9.00,-0.2416,-0.0435,4.50,1.7578
37.5,3,39.13,101.65,1052.28,-4.3273,-1.00,nan,9.00,-0.1981,-0.0357,4.50,1.7578
37.6,3,38.57,100.81,1056.70,-4.3629,-1.00,nan,9.00,-0.1625,-0.0292,4.50,1.7578
37.7,3,38.01,99.98,1061.13,-4.3922,-1.00,nan,7.00,-1.7040,-0.1000,4.50,1.7578
37.8,3,37.55,103.42,1061.78,-4.4922,-1.00,nan,7.00,-1.5211,-0.1000,3.50,0.1870
37.9,3,37.08,106.79,1062.71,-4.5922,-1.00,nan,7.00,-1.3384,-0.1000,3.50,0.2699
38.0,3,36.62,110.07,1063.92,-4.6922,-1.00,nan,7.00,-1.1560,-0.1000,3.50,0.3526
38.1,3,36.15,113.25,1065.39,-4.7922,-1.00,nan,7.00,-0.9739,-0.1000,3.50,0.4350
38.2,3,35.69,116.29,1067.12,-4.8922,-1.00,nan,7.00,-0.7921,-0.1000,3.50,0.5171
38.3,3,35.22,119.18,1069.10,-4.9922,-1.00,nan,7.00,-0.6105,-0.1000,3.50,0.5989
38.4,3,34.75,121.90,1071.30,-5.0922,-1.00,nan,7.00,-0.4292,-0.1000,3.50,0.6805
38.5,3,34.29,124.43,1073.71,-5.1922,-1.00,nan,7.00,-0.2482,-0.1000,3.50,0.7618
38.6,3,33.82,126.76,1076.33,-5.2922,-1.00,nan,7.00,-0.0674,-0.1000,3.50,0.8428
38.7,3,33.36,128.87,1079.12,-5.3922,-1.00,nan,7.00,0.1131,-0.1000,3.50,0.9236
38.8,3,32.89,130.75,1082.07,-5.4922,159.05,-0.5064,20.00,-0.5064,-0.0506,3.50,1.0041
38.9,3,32.28,135.55,1083.48,-5.5428,154.05,-0.4558,20.00,-0.4558,-0.0456,5.00,0.2845
39.0,3,31.67,140.35,1084.88,-5.5884,149.05,-0.4102,20.00,-0.4102,-0.0410,5.00,0.2845
39.1,3,31.07,145.15,1086.28,-5.6294,144.05,-0.3692,20.00,-0.3692,-0.0369,5.00,0.2845
39.2,3,30.46,149.95,1087.69,-5.6664,139.05,-0.3323,20.00,-0.3323,-0.0332,5.00,0.2845
39.3,3,29.86,154.75,1089.09,-5.6996,134.05,-0.2991,20.00,-0.2991,-0.0299,5.00,0.2845
39.4,3,29.25,159.55,1090.49,-5.7295,129.05,-0.2691,20.00,-0.2691,-0.0269,5.00,0.2845
39.5,3,28.65,164.34,1091.90,-5.7564,124.05,-0.2422,20.00,-0.2422,-0.0242,5.00,0.2845
39.6,3,28.04,169.14,1093.30,-5.7806,119.05,-0.2180,20.00,-0.2180,-0.0218,5.00,0.2845
39.7,3,27.44,173.94,1094.70,-5.8024,114.05,-0.1962,20.00,-0.1962,-0.0196,5.00,0.2845
39.8,3,26.84,178.74,1096.11,-5.8221,109.05,-0.1766,20.00,-0.1766,-0.0177,5.00,0.2845
39.9,3,26.23,183.54,1097.51,-5.8397,104.05,-0.1589,20.00,-0.1589,-0.0159,5.00,0.2845
40.0,3,25.63,188.34,1098.92,-5.8556,99.05,-0.1430,20.00,-0.1430,-0.0143,5.00,0.2845
40.1,3,25.03,193.14,1100.32,-5.8699,94.05,-0.1287,20.00,-0.1287,-0.0129,5.00,0.2845
40.2,3,24.43,197.94,1101.72,-5.8828,89.05,-0.1159,20.00,-0.1159,-0.0116,5.00,0.2845
40.3,3,23.83,202.74,1103.13,-5.8944,84.05,-0.1043,20.00,-0.1043,-0.0104,5.00,0.2845
40.4,3,23.22,207.54,1104.53,-5.9048,79.05,-0.0938,20.00,-0.0938,-0.0094,5.00,0.2845
40.5,3,22.62,212.33,1105.93,-5.9142,74.05,-0.0845,20.00,-0.0845,-0.0084,5.00,0.2845
40.6,3,22.02,217.13,1107.34,-5.9226,69.05,-0.0760,20.00,-0.0760,-0.0076,5.00,0.2845
40.7,3,21.42,221.93,1108.74,-5.9302,64.05,-0.0684,20.00,-0.0684,-0.0068,5.00,0.2845
40.8,3,20.82,226.73,1110.14,-5.9371,59.05,-0.0616,20.00,-0.0616,-0.0062,5.00,0.2845
40.9,3,20.22,231.53,1111.55,-5.9432,54.05,-0.0554,20.00,-0.0554,-0.0055,5.00,0.2845
41.0,3,19.62,236.33,1112.95,-5.9488,49.05,-0.0499,20.00,-0.0499,-0.0050,5.00,0.2845
41.1,3,19.02,241.13,1114.36,-5.9538,44.05,-0.0449,20.00,-0.0449,-0.0045,5.00,0.2845
41.2,3,18.42,245.93,1115.76,-5.9582,39.05,-0.0404,20.00,-0.0404,-0.0040,5.00,0.2845
41.3,3,17.81,250.73,1117.16,-5.9623,34.05,-0.0364,20.00,-0.0364,-0.0036,5.00,0.2845
41.4,3,17.21,255.52,1118.57,-5.9659,29.05,-0.0327,20.00,-0.0327,-0.0033,5.00,0.2845
41.5,3,16.61,260.32,1119.97,-5.9692,24.05,-0.0294,20.00,-0.0294,-0.0029,5.00,0.2845
41.6,3,16.01,265.12,1121.37,-5.9721,19.05,-0.0265,19.05,-0.0265,-0.0027,5.00,0.2845
41.7,3,15.41,269.92,1122.78,-5.9748,14.05,-0.0239,14.05,-0.0239,-0.0024,5.00,0.2845
41.8,3,71.41,274.72,1124.18,-5.9772,9.05,-0.0215,9.05,-0.0215,-0.0021,5.00,0.2845
41.9,3,70.86,279.06,1125.45,-5.9793,-1.00,nan,7.00,1.3314,-0.1000,4.52,0.2845
42.0,3,70.39,278.84,1128.94,-6.0793,-1.00,nan,7.00,1.5337,-0.1000,3.50,1.6353
42.1,3,69.93,278.26,1132.39,-6.1793,-1.00,nan,7.00,1.7354,-0.1000,3.50,1.7375
42.2,3,69.46,277.33,1135.77,-6.2793,-1.00,nan,7.00,1.9366,-0.1000,3.50,1.8393
42.3,3,69.00,276.06,1139.03,-6.3793,-1.00,nan,7.00,2.1373,-0.1000,3.50,1.9405
42.4,3,68.53,274.48,1142.15,-6.4793,-1.00,nan,7.00,2.3375,-0.1000,3.50,2.0412
42.5,3,68.06,272.59,1145.10,-6.5793,-1.00,nan,10.00,-1.2747,-0.1275,3.50,2.1414
42.6,3,67.44,272.59,1140.10,-6.7068,-1.00,nan,7.00,2.5430,-0.1000,5.00,-1.5708
42.7,3,66.98,270.76,1143.08,-6.8068,-1.00,nan,7.00,2.7510,-0.1000,3.50,2.1194
42.8,3,66.51,268.62,1145.86,-6.9068,-1.00,nan,7.00,2.9583,-0.1000,3.50,2.2274
42.9,3,66.05,266.20,1148.38,-7.0068,-1.00,nan,7.00,-3.1182,-0.1000,3.50,2.3347
43.0,3,65.58,263.53,1150.64,-7.1068,-1.00,nan,7.00,-2.9121,-0.1000,3.50,2.4414
43.1,3,65.11,260.63,1152.60,-7.2068,-1.00,nan,7.00,-2.7066,-0.1000,3.50,2.5475
43.2,3,64.65,257.54,1154.24,-7.3068,-1.00,nan,7.00,-2.5017,-0.1000,3.50,2.6530
43.3,3,64.18,254.29,1155.55,-7.4068,-1.00,nan,7.00,-2.2973,-0.1000,3.50,2.7579
43.4,3,63.72,250.93,1156.52,-7.5068,-1.00,nan,7.00,-2.0935,-0.1000,3.50,2.8623
43.5,3,63.25,247.48,1157.13,-7.6068,-1.00,nan,7.00,-1.8903,-0.1000,3.50,2.9661
43.6,3,62.78,243.99,1157.38,-7.7068,-1.00,nan,7.00,-1.6876,-0.1000,3.50,3.0693
43.7,3,62.32,240.49,1157.27,-7.8068,-1.00,nan,7.00,-1.4855,-0.1000,3.50,-3.1112
43.8,3,61.85,237.02,1156.81,-7.9068,-1.00,nan,7.00,-1.2838,-0.1000,3.50,-3.0091
43.9,3,61.39,233.62,1156.00,-8.0068,-1.00,nan,7.00,-1.0827,-0.1000,3.50,-2.9074
44.0,3,60.92,230.31,1154.85,-8.1068,-1.00,nan,7.00,-0.8821,-0.1000,3.50,-2.8063
44.1,3,60.46,227.14,1153.37,-8.2068,-1.00,nan,7.00,-0.6821,-0.1000,3.50,-2.7057
44.2,3,59.99,224.13,1151.58,-8.3068,-1.00,nan,7.00,-0.4825,-0.1000,3.50,-2.6057
44.3,3,59.52,221.31,1149.51,-8.4068,-1.00,nan,7.00,-0.2834,-0.1000,3.50,-2.5061
44.4,3,59.06,218.72,1147.16,-8.5068,-1.00,nan,7.00,-0.0848,-0.1000,3.50,-2.4070
44.5,3,58.59,216.36,1144.57,-8.6068,-1.00,nan,7.00,0.1134,-0.1000,3.50,-2.3084
44.6,3,58.13,214.27,1141.76,-8.7068,-1.00,nan,7.00,0.3110,-0.1000,3.50,-2.2102
44.7,3,57.66,212.47,1138.76,-8.8068,106.17,-0.5184,20.00,-0.5184,-0.0518,3.50,-2.1126
44.8,3,57.05,207.49,1138.26,-8.8586,101.17,-0.4665,20.00,-0.4665,-0.0467,5.00,-3.0420
44.9,3,56.44,202.52,1137.77,-8.9053,96.17,-0.4199,20.00,-0.4199,-0.0420,5.00,-3.0420
45.0,3,55.84,197.54,1137.27,-8.9473,91.17,-0.3779,20.00,-0.3779,-0.0378,5.00,-3.0420
45.1,3,55.23,192.57,1136.77,-8.9851,86.17,-0.3401,20.00,-0.3401,-0.0340,5.00,-3.0420
45.2,3,54.63,187.59,1136.28,-9.0191,81.17,-0.3061,20.00,-0.3061,-0.0306,5.00,-3.0420
45.3,3,54.02,182.62,1135.78,-9.0497,76.17,-0.2755,20.00,-0.2755,-0.0275,5.00,-3.0420
45.4,3,53.42,177.64,1135.28,-9.0772,71.17,-0.2479,20.00,-0.2479,-0.0248,5.00,-3.0420
45.5,3,52.81,172.67,1134.78,-9.1020,66.17,-0.2231,20.00,-0.2231,-0.0223,5.00,-3.0420
45.6,3,52.21,167.69,1134.29,-9.1243,61.17,-0.2008,20.00,-0.2008,-0.0201,5.00,-3.0420
45.7,3,51.61,162.72,1133.79,-9.1444,56.17,-0.1807,20.00,-0.1807,-0.0181,5.00,-3.0420
45.8,3,51.00,157.74,1133.29,-9.1625,51.17,-0.1627,20.00,-0.1627,-0.0163,5.00,-3.0420
45.9,3,50.40,152.77,1132.79,-9.1787,46.17,-0.1464,20.00,-0.1464,-0.0146,5.00,-3.0420
46.0,3,49.80,147.79,1132.30,-9.1934,41.17,-0.1318,20.00,-0.1318,-0.0132,5.00,-3.0420
46.1,3,49.20,142.82,1131.80,-9.2066,36.17,-0.1186,20.00,-0.1186,-0.0119,5.00,-3.0420
46.2,3,48.59,137.84,1131.30,-9.2184,31.17,-0.1067,20.00,-0.1067,-0.0107,5.00,-3.0420
46.3,3,47.99,132.87,1130.81,-9.2291,26.17,-0.0961,20.00,-0.0961,-0.0096,5.00,-3.0420
46.4,3,47.39,127.89,1130.31,-9.2387,21.17,-0.0864,20.00,-0.0864,-0.0086,5.00,-3.0420
46.5,3,46.79,122.91,1129.81,-9.2473,16.17,-0.0778,16.17,-0.0778,-0.0078,5.00,-3.0420
46.6,3,79.39,117.94,1129.31,-9.2551,11.17,-0.0700,10.00,-0.0700,-0.0070,5.00,-3.0420
46.7,3,78.79,112.96,1128.82,-9.2621,-1.00,nan,7.00,-0.8316,-0.1000,5.00,-3.0420
46.8,3,78.32,110.22,1130.99,-9.3621,-1.00,nan,7.00,-0.6277,-0.1000,3.50,2.4727
46.9,3,77.86,107.26,1132.86,-9.4621,-1.00,nan,7.00,-0.4243,-0.1000,3.50,2.5766
47.0,3,77.39,104.13,1134.42,-9.5621,-1.00,nan,7.00,-0.2215,-0.1000,3.50,2.6799
47.1,3,76.92,100.85,1135.65,-9.6621,-1.00,nan,7.00,-0.0192,-0.1000,3.50,2.7827
47.2,3,76.46,97.47,1136.54,-9.7621,-1.00,nan,7.00,0.1825,-0.1000,3.50,2.8850
47.3,3,75.99,94.01,1137.08,-9.8621,-1.00,nan,7.00,0.3837,-0.1000,3.50,2.9867
47.4,3,75.53,90.51,1137.26,-9.9621,-1.00,nan,7.00,0.5844,-0.1000,3.50,3.0880
47.5,3,75.06,87.02,1137.10,-10.0621,-1.00,nan,7.00,0.7846,-0.1000,3.50,-3.0945
47.6,3,74.59,83.56,1136.59,-10.1621,-1.00,nan,7.00,0.9843,-0.1000,3.50,-2.9943
47.7,3,74.13,80.16,1135.73,-10.2621,-1.00,nan,7.00,1.1835,-0.1000,3.50,-2.8946
47.8,3,73.66,76.87,1134.54,-10.3621,-1.00,nan,7.00,1.3822,-0.1000,3.50,-2.7954
47.9,3,73.20,73.71,1133.04,-10.4621,-1.00,nan,7.00,1.5805,-0.1000,3.50,-2.6967
48.0,3,72.73,70.71,1131.23,-10.5621,-1.00,nan,7.00,1.7782,-0.1000,3.50,-2.5985
48.1,3,72.26,67.91,1129.14,-10.6621,-1.00,nan,7.00,1.9755,-0.1000,3.50,-2.5007
48.2,3,71.80,65.32,1126.78,-10.7621,-1.00,nan,7.00,2.1724,-0.1000,3.50,-2.4034
48.3,3,71.33,62.97,1124.19,-10.8621,-1.00,nan,7.00,2.3688,-0.1000,3.50,-2.3066
48.4,3,70.87,60.88,1121.38,-10.9621,-1.00,nan,7.00,2.5647,-0.1000,3.50,-2.2102
48.5,3,70.40,59.07,1118.38,-11.0621,-1.00,nan,7.00,2.7602,-0.1000,3.50,-2.1142
48.6,3,69.93,57.56,1115.23,-11.1621,-1.00,nan,7.00,2.9553,-0.1000,3.50,-2.0187
48.7,3,69.47,56.35,1111.94,-11.2621,-1.00,nan,7.00,-3.1332,-0.1000,3.50,-1.9236
48.8,3,69.00,55.45,1108.56,-11.3621,-1.00,nan,7.00,-2.9390,-0.1000,3.50,-1.8290
48.9,3,68.54,54.88,1105.11,-11.4621,-1.00,nan,7.00,-2.7452,-0.1000,3.50,-1.7347
49.0,3,68.07,54.64,1101.61,-11.5621,-1.00,nan,7.00,-2.5518,-0.1000,3.50,-1.6409
49.1,3,67.61,54.72,1098.11,-11.6621,-1.00,nan,7.00,-2.3588,-0.1000,3.50,-1.5475
49.2,3,67.14,55.12,1094.64,-11.7621,-1.00,nan,7.00,-2.1662,-0.1000,3.50,-1.4545
49.3,3,66.67,55.85,1091.21,-11.8621,-1.00,nan,7.00,-1.9740,-0.1000,3.50,-1.3619
49.4,3,66.21,56.89,1087.87,-11.9621,-1.00,nan,7.00,-1.7821,-0.1000,3.50,-1.2697
49.5,3,65.74,58.23,1084.64,-12.0621,-1.00,nan,7.00,-1.5907,-0.1000,3.50,-1.1779
49.6,3,65.28,59.86,1081.54,-12.1621,-1.00,nan,7.00,-1.3996,-0.1000,3.50,-1.0865
49.7,3,64.81,61.76,1078.60,-12.2621,-1.00,nan,7.00,-1.2090,-0.1000,3.50,-0.9954
49.8,3,64.34,63.92,1075.85,-12.3621,-1.00,nan,7.00,-1.0187,-0.1000,3.50,-0.9047
49.9,3,63.88,66.33,1073.31,-12.4621,-1.00,nan,7.00,-0.8287,-0.1000,3.50,-0.8144
50.0,3,63.41,68.95,1070.99,-12.5621,-1.00,nan,7.00,-0.6391,-0.1000,3.50,-0.7245
50.1,3,62.95,71.77,1068.91,-12.6621,-1.00,nan,7.00,-0.4499,-0.1000,3.50,-0.6349
50.2,3,62.48,74.76,1067.10,-12.7621,-1.00,nan,7.00,-0.2611,-0.1000,3.50,-0.5457
50.3,3,62.01,77.90,1065.55,-12.8621,-1.00,nan,7.00,-0.0725,-0.1000,3.50,-0.4568
50.4,3,61.55,81.16,1064.29,-12.9621,186.13,-0.4024,10.00,-0.4024,-0.0402,3.50,-0.3683
50.5,3,60.94,84.65,1060.71,-13.0024,181.13,-0.3622,10.00,-0.3622,-0.0362,5.00,-0.7982
50.6,3,60.34,88.14,1057.13,-13.0386,176.13,-0.3260,10.00,2.0430,0.1500,5.00,-0.7982
50.7,3,59.71,88.14,1062.13,-12.8886,179.74,-0.4954,20.00,-0.4954,-0.0495,5.00,1.5708
50.8,3,59.10,91.56,1058.48,-12.9381,174.74,-0.4459,20.00,-0.4459,-0.0446,5.00,-0.8176
50.9,3,58.50,94.98,1054.83,-12.9827,169.74,-0.4013,20.00,-0.4013,-0.0401,5.00,-0.8176
51.0,3,57.89,98.40,1051.19,-13.0228,164.74,-0.3611,20.00,-0.3611,-0.0361,5.00,-0.8176
51.1,3,57.29,101.82,1047.54,-13.0590,120.83,-0.5052,20.00,-0.5052,-0.0505,5.00,-0.8176
51.2,3,56.68,104.53,1043.34,-13.1095,115.83,-0.4546,20.00,-0.4546,-0.0455,5.00,-0.9977
51.3,3,56.07,107.24,1039.14,-13.1549,110.83,-0.4092,20.00,-0.4092,-0.0409,5.00,-0.9977
51.4,3,55.46,112.24,1039.38,-13.1959,108.41,-0.4082,20.00,-0.4082,-0.0408,5.00,0.0495
51.5,3,54.86,114.78,1035.08,-13.2367,103.41,-0.3674,20.00,-0.3674,-0.0367,5.00,-1.0377
51.6,3,54.25,117.32,1030.77,-13.2734,98.41,-0.3306,20.00,-0.3306,-0.0331,5.00,-1.0377
51.7,3,53.65,119.86,1026.47,-13.3065,93.41,-0.2976,20.00,-0.2976,-0.0298,5.00,-1.0377
51.8,3,53.04,122.40,1022.16,-13.3362,114.31,-0.3550,20.00,-0.3550,-0.0355,5.00,-1.0377
51.9,3,52.44,124.56,1017.65,-13.3717,109.31,-0.3195,20.00,-0.3195,-0.0320,5.00,-1.1249
52.0,3,51.83,126.71,1013.14,-13.4037,104.31,-0.2876,20.00,-0.2876,-0.0288,5.00,-1.1249
52.1,3,51.23,128.87,1008.63,-13.4325,99.31,-0.2588,20.00,-0.2588,-0.0259,5.00,-1.1249
52.2,3,50.62,131.03,1004.12,-13.4583,94.31,-0.2329,20.00,-0.2329,-0.0233,5.00,-1.1249
52.3,3,50.02,133.18,999.60,-13.4816,89.31,-0.2096,20.00,-0.2096,-0.0210,5.00,-1.1249
52.4,3,49.41,135.34,995.09,-13.5026,84.31,-0.1887,20.00,-0.1887,-0.0189,5.00,-1.1249
52.5,3,48.81,137.50,990.58,-13.5215,79.31,-0.1698,20.00,-0.1698,-0.0170,5.00,-1.1249
52.6,3,48.21,139.65,986.07,-13.5384,74.31,-0.1528,20.00,-0.1528,-0.0153,5.00,-1.1249
52.7,3,47.61,141.81,981.56,-13.5537,69.31,-0.1375,20.00,-0.1375,-0.0138,5.00,-1.1249
52.8,3,47.00,143.97,977.05,-13.5675,64.31,-0.1238,20.00,-0.1238,-0.0124,5.00,-1.1249
52.9,3,46.40,146.12,972.54,-13.5799,59.31,-0.1114,20.00,-0.1114,-0.0111,5.00,-1.1249
53.0,3,45.80,148.28,968.03,-13.5910,54.31,-0.1003,20.00,-0.1003,-0.0100,5.00,-1.1249
53.1,3,45.20,150.44,963.52,-13.6010,47.49,-0.9726,20.00,-0.9726,-0.0973,5.00,-1.1249
53.2,3,44.58,148.32,958.98,-13.6983,42.49,-0.8753,20.00,-0.8753,-0.0875,5.00,-2.0072
53.3,3,43.97,146.21,954.45,-13.7858,37.49,-0.7878,20.00,-0.7878,-0.0788,5.00,-2.0072
53.4,3,43.36,144.09,949.92,-13.8646,32.49,-0.7090,20.00,-0.7090,-0.0709,5.00,-2.0072
53.5,3,42.75,141.98,945.39,-13.9355,27.49,-0.6381,20.00,-0.6381,-0.0638,5.00,-2.0072
53.6,3,42.14,139.87,940.86,-13.9993,22.49,-0.5743,20.00,-0.5743,-0.0574,5.00,-2.0072
53.7,3,41.53,137.75,936.33,-14.0567,17.49,-0.5169,17.49,-0.5169,-0.0517,5.00,-2.0072
53.8,3,40.92,135.64,931.80,-14.1084,12.49,-0.4652,12.49,-0.4652,-0.0465,5.00,-2.0072
53.9,3,82.31,133.53,927.26,-14.1549,7.49,-0.4187,7.49,-0.4187,-0.0419,5.00,-2.0072
54.0,3,81.83,131.94,923.87,-14.1968,40.05,1.5093,10.00,1.5093,0.1200,3.75,-2.0072
54.1,3,81.21,136.91,923.27,-14.0768,35.05,1.3893,10.00,1.3893,0.1200,5.00,-0.1211
54.2,3,80.59,141.87,922.66,-13.9568,30.05,1.2693,10.00,1.2693,0.1200,5.00,-0.1211
54.3,3,79.97,146.83,922.06,-13.8368,25.05,1.1493,10.00,1.1493,0.1149,5.00,-0.1211
54.4,3,79.35,151.80,921.45,-13.7219,20.05,1.0344,10.00,1.0344,0.1034,5.00,-0.1211
54.5,3,78.74,156.76,920.85,-13.6184,15.05,0.9309,10.00,0.9309,0.0931,5.00,-0.1211
54.6,3,138.12,161.72,920.24,-13.5253,10.05,0.8379,10.00,0.8379,0.0838,5.00,-0.1211
54.7,3,137.51,166.69,919.64,-13.4416,27.77,0.4445,10.00,0.4445,0.0445,5.00,-0.1211
54.8,3,136.90,171.23,917.55,-13.3971,22.77,0.4001,10.00,0.4001,0.0400,5.00,-0.4307
54.9,3,136.30,175.77,915.47,-13.3571,17.77,0.3600,10.00,0.3600,0.0360,5.00,-0.4307
55.0,3,135.69,180.32,913.38,-13.3211,12.77,0.3240,10.00,0.3240,0.0324,5.00,-0.4307
55.1,3,167.88,184.86,911.29,-13.2887,7.77,0.2916,7.77,0.2916,0.0292,5.00,-0.4307
55.2,3,167.39,188.39,909.67,-13.2595,31.14,1.4479,10.00,1.4479,0.1200,3.89,-0.4307
55.3,3,166.77,192.03,913.09,-13.1395,26.14,1.3279,10.00,1.3279,0.1200,5.00,0.7547
55.4,3,166.15,195.68,916.52,-13.0195,21.14,1.2079,10.00,1.2079,0.1200,5.00,0.7547
55.5,3,165.53,199.32,919.94,-12.8995,16.14,1.0879,10.00,1.0879,0.1088,5.00,0.7547
55.6,3,224.92,202.96,923.37,-12.7907,11.14,0.9791,10.00,0.9791,0.0979,5.00,0.7547
55.7,3,224.30,206.60,926.80,-12.6928,46.17,-1.2677,10.00,-1.2677,-0.1200,5.00,0.7547
55.8,3,223.68,207.48,921.87,-12.8128,41.17,-1.1477,10.00,-1.1477,-0.1148,5.00,-1.3942
55.9,3,223.06,208.36,916.95,-12.9276,36.17,-1.0330,10.00,-1.0330,-0.1033,5.00,-1.3942
56.0,3,222.45,209.24,912.03,-13.0309,31.17,-0.9297,10.00,-0.9297,-0.0930,5.00,-1.3942
56.1,3,221.83,210.12,907.11,-13.1239,26.17,-0.8367,10.00,-0.8367,-0.0837,5.00,-1.3942
56.2,3,221.22,210.99,902.18,-13.2075,21.17,-0.7530,10.00,-0.7530,-0.0753,5.00,-1.3942
56.3,3,220.61,211.87,897.26,-13.2828,16.17,-0.6777,10.00,-0.6777,-0.0678,5.00,-1.3942
56.4,3,280.00,212.75,892.34,-13.3506,11.17,-0.6100,10.00,-0.6100,-0.0610,5.00,-1.3942
56.5,3,279.39,213.63,887.42,-13.4116,48.60,-2.2080,10.00,-2.2080,-0.1200,5.00,-1.3942
56.6,3,278.77,208.65,886.98,-13.5316,43.60,-2.0880,10.00,-2.0880,-0.1200,5.00,-3.0532
56.7,3,278.15,203.67,886.53,-13.6516,38.60,-1.9680,10.00,-1.9680,-0.1200,5.00,-3.0532
56.8,3,277.53,198.69,886.09,-13.7716,33.60,-1.8480,10.00,-1.8480,-0.1200,5.00,-3.0532
56.9,3,276.91,193.71,885.65,-13.8916,28.60,-1.7280,10.00,-1.7280,-0.1200,5.00,-3.0532
57.0,3,276.29,188.73,885.21,-14.0116,23.60,-1.6080,10.00,-1.6080,-0.1200,5.00,-3.0532
57.1,3,275.67,183.75,884.77,-14.1316,18.60,-1.4880,10.00,-1.4880,-0.1200,5.00,-3.0532
57.2,3,275.05,178.77,884.33,-14.2516,13.60,-1.3680,10.00,-1.3680,-0.1200,5.00,-3.0532
57.3,3,303.23,173.79,883.89,-14.3716,8.60,-1.2480,8.60,-1.2480,-0.1200,5.00,-3.0532
57.4,3,302.69,169.51,883.51,-14.4916,25.74,-1.2095,10.00,-1.2095,-0.1200,4.30,-3.0532
57.5,3,302.07,164.51,883.47,-14.6116,20.74,-1.0895,10.00,-1.0895,-0.1089,5.00,-3.1347
57.6,3,301.45,159.51,883.44,-14.7206,15.74,-0.9805,10.00,-0.9805,-0.0981,5.00,-3.1347
57.7,3,360.83,154.51,883.40,-14.8186,10.74,-0.8825,10.00,-0.8825,-0.0882,5.00,-3.1347
57.8,3,360.22,149.51,883.37,-14.9069,17.35,0.5678,10.00,0.5678,0.0568,5.00,-3.1347
57.9,3,359.61,148.50,878.47,-14.8501,12.35,0.5110,10.00,0.5110,0.0511,5.00,-1.7727
58.0,3,392.60,147.50,873.57,-14.7990,7.35,0.4599,7.35,0.4599,0.0460,5.00,-1.7727
58.1,3,392.13,146.76,869.97,-14.7530,15.64,0.1956,10.00,0.1956,0.0196,3.68,-1.7727
58.2,3,435.92,144.72,865.41,-14.7334,10.64,0.1760,10.00,0.1760,0.0176,5.00,-1.9910
58.3,3,435.32,142.68,860.84,-14.7158,20.82,1.6816,10.00,1.6816,0.1200,5.00,-1.9910
58.4,3,434.70,147.15,858.59,-14.5958,15.82,1.5616,10.00,1.5616,0.1200,5.00,-0.4679
58.5,3,494.08,151.61,856.33,-14.4758,10.82,1.4416,10.00,1.4416,0.1200,5.00,-0.4679
58.6,3,493.46,156.07,854.08,-14.3558,14.84,1.1405,10.00,1.1405,0.1141,5.00,-0.4679
58.7,3,500.00,160.06,851.06,-14.2418,9.84,1.0265,9.84,1.0265,0.1026,5.00,-0.6489
58.8,3,500.00,163.97,848.08,-14.1391,8.66,0.1368,8.66,0.1368,0.0137,4.92,-0.6489
58.9,3,500.00,164.56,843.79,-14.1254,12.74,0.3984,10.00,0.3984,0.0398,4.33,-1.4359
59.0,3,499.39,166.55,839.21,-14.0856,18.22,-1.6221,10.00,-1.6221,-0.1200,5.00,-1.1607
59.1,3,500.00,158.55,839.21,-14.2056,10.22,-1.5021,10.00,-1.5021,-0.1200,8.00,-3.1413
59.2,3,499.38,153.55,839.21,-14.3256,-1.00,nan,9.00,-2.5499,0.1100,5.00,-3.1413
59.3,3,498.81,151.78,843.35,-14.2156,-1.00,nan,9.00,-2.7779,-0.1600,4.50,1.9740
59.4,3,498.24,150.52,847.66,-14.3756,-1.00,nan,7.00,2.0945,-0.1000,4.50,1.8561
59.5,3,497.77,153.88,848.65,-14.4756,-1.00,nan,7.00,2.2786,-0.1000,3.50,0.2853
59.6,3,497.31,157.14,849.91,-14.5756,-1.00,nan,7.00,2.4624,-0.1000,3.50,0.3694
59.7,3,496.84,160.29,851.44,-14.6756,-1.00,nan,7.00,1.2811,-0.1000,3.50,0.4532
59.8,3,496.37,162.65,848.87,-14.7756,-1.00,nan,7.00,1.4696,-0.1000,3.50,-0.8282
59.9,3,495.91,165.24,846.51,-14.8756,-1.00,nan,7.00,1.6579,-0.1000,3.50,-0.7396
60.0,3,495.44,168.02,844.39,-14.9756,-1.00,nan,7.00,1.8457,-0.1000,3.50,-0.6514
